Workbook

Sheet 참가자DB
A1: 참가자 DB (고정 프로필 - 한 번만 등록해두면 계속 재사용)
A2: ※ 새로운 사람이 들어오면 이 시트에 한 줄 추가해주세요. 닉네임#태그·선호 포지션·최근 티어처럼 기본값으로 쓸 정보를 여기서 관리합니다. 명단입력에서 자동으로 채워지며, 이번 판만 다르면 명단입력에서 직접 덮어써도 됩니다.
A3: 번호 | B3: 디코닉네임 | C3: 닉네임#태그 | D3: 주포지션1 | E3: 주포지션2 | F3: 부포지션1 | G3: 부포지션2 | H3: 최근 티어
A4: =IF(B4<>"",ROW()-3,"") -> 1 | B4: 말라리 | C4: 단결된 의지#1226 | D4: TOP | E4: MID | F4: JG | G4: SUP | H4: 브론즈2
A5: =IF(B5<>"",ROW()-3,"") -> 2 | B5: 리코 | C5: 우리 집 앞 찹쌀 붕어빵#맛있어요 | D5: MID | E5: ADC | F5: TOP | G5: SUP | H5: 골드2
A6: =IF(B6<>"",ROW()-3,"") -> 3 | B6: 스카이 | C6: 다크블루3#KR1 | D6: TOP | E6: JG | F6: MID | G6: SUP | H6: 에메랄드1
A7: =IF(B7<>"",ROW()-3,"") -> 4 | B7: 벌우주 | C7: JWCB#STSP | D7: TOP | E7: MID | F7: JG | G7: SUP | H7: 실버2
A8: =IF(B8<>"",ROW()-3,"") -> 5 | B8: 아세 | C8: Vega#BDD | D8: MID | E8: ADC | F8: SUP | G8: JG | H8: 실버3
A9: =IF(B9<>"",ROW()-3,"") -> 6 | B9: @김토토@ | C9: 김토토#아가대장 | D9: SUP | E9: 없음 | F9: 없음 | G9: 없음 | H9: 실버2
A10: =IF(B10<>"",ROW()-3,"") -> 7 | B10: @정정쓰@ | C10: 졍졍쓰#7777 | D10: ADC | E10: JG | F10: MID | G10: TOP | H10: 플래티넘2
A11: =IF(B11<>"",ROW()-3,"") -> 8 | B11: 광어 | C11: 물컹한맛광어#0076 | D11: SUP | E11: MID | F11: JG | G11: TOP | H11: 브론즈3
A12: =IF(B12<>"",ROW()-3,"") -> 9 | B12: 별이 | C12: 별이에요#star | D12: SUP | E12: 없음 | F12: 없음 | G12: 없음 | H12: 브론즈4
A13: =IF(B13<>"",ROW()-3,"") -> 10 | B13: 고라니 | C13: 서영이언니이뻐요#1226 | D13: TOP | E13: MID | F13: JG | G13: SUP | H13: 골드1
A14: =IF(B14<>"",ROW()-3,"") -> 11 | B14: 스페얼 | C14: 스페얼아님#1234 | D14: TOP | E14: MID | F14: JG | G14: 없음 | H14: 실버2
A15: =IF(B15<>"",ROW()-3,"") -> 12 | B15: 김맨들씨 | C15: 맨들펀치#김맨들씨 | D15: SUP | E15: TOP | F15: MID | G15: JG | H15: 브론즈4
... A22: =IF(B22<>"",ROW()-3,"") -> 19 | B22: 무능 | C22: 게임 안에서 게임하기#니하하하하 | D22: TOP | E22: MID | F22: ADC | G22: JG | H22: 에메랄드3
A23: =IF(B23<>"",ROW()-3,"")
A24: =IF(B24<>"",ROW()-3,"")
A25: =IF(B25<>"",ROW()-3,"")
A26: =IF(B26<>"",ROW()-3,"")
A27: =IF(B27<>"",ROW()-3,"")
A28: =IF(B28<>"",ROW()-3,"")
A29: =IF(B29<>"",ROW()-3,"")
A30: =IF(B30<>"",ROW()-3,"")
A31: =IF(B31<>"",ROW()-3,"")
A32: =IF(B32<>"",ROW()-3,"")
A33: =IF(B33<>"",ROW()-3,"")
A34: =IF(B34<>"",ROW()-3,"")
... A40: =IF(B40<>"",ROW()-3,"")

Sheet 팀배정
A1: 팀 배정 결과
A2: 마지막 배정 시각
A4: 🔵 블루팀 (BLUE) | E4: 🔴 레드팀 (RED)
A5: 포지션 | B5: 닉네임 | C5: 점수 | E5: 포지션 | F5: 닉네임 | G5: 점수
A6: TOP | E6: TOP
A7: JG | E7: JG
A8: MID | E8: MID
A9: ADC | E9: ADC
A10: SUP | E10: SUP
A12: 총점 합계 | C12: =SUM(C6:C10) -> 0 | E12: 총점 합계 | G12: =SUM(G6:G10) -> 0
A13: 평균 점수 | C13: =IFERROR(AVERAGE(C6:C10),0) -> 0 | E13: 평균 점수 | G13: =IFERROR(AVERAGE(G6:G10),0) -> 0
A14: 점수 차이 (밸런스) | C14: =ABS(C12-G12) -> 0

Sheet 이력
A1: 팀 배정 이력
A2: 회차 | B2: 배정일시 | C2: 블루_TOP | D2: 블루_JG | E2: 블루_MID | F2: 블루_ADC | G2: 블루_SUP | H2: 레드_TOP | I2: 레드_JG | J2: 레드_MID | K2: 레드_ADC | L2: 레드_SUP | M2: 블루총점 | N2: 레드총점 | O2: 점수차
A3: ※ 이 시트는 '이력에 저장' 버튼(SaveToHistory 매크로)을 누를 때마다 자동으로 한 줄씩 추가됩니다. 직접 입력하지 않아도 됩니다.

Sheet 설정
A1: 설정 (드롭다운 / 점수 환산 기준표) - 보통 수정 불필요
A3: 티어 | B3: 점수(MMR) | D3: 포지션 목록 | E3: 참여여부
A4: 아이언4 | B4: 1 | D4: TOP | E4: Y
A5: 아이언3 | B5: 2 | D5: JG | E5: N
A6: 아이언2 | B6: 3 | D6: MID
A7: 아이언1 | B7: 4 | D7: ADC
A8: 브론즈4 | B8: 5 | D8: SUP
A9: 브론즈3 | B9: 6 | D9: 없음
A10: 브론즈2 | B10: 7
A11: 브론즈1 | B11: 8
A12: 실버4 | B12: 9
A13: 실버3 | B13: 10
A14: 실버2 | B14: 11
A15: 실버1 | B15: 12
A16: 골드4 | B16: 13
A17: 골드3 | B17: 14
A18: 골드2 | B18: 15
A19: 골드1 | B19: 16
A20: 플래티넘4 | B20: 17
A21: 플래티넘3 | B21: 18
... A34: 챌린저 | B34: 31

Sheet 참가자명단
A1: 참가자 명단
A2: ※ 이 시트는 '명단입력' 시트를 참고해 자동으로 채워집니다. 참가자 추가/수정은 반드시 '명단입력' 시트에서 해주세요(직접 이름을 여기에 입력하지 마세요). 정확히 10명을 '참여여부=Y'로 지정해야 5:5 팀 배정이 가능합니다.
A3: 번호 | B3: 디코닉네임 | C3: 닉네임#태그 | D3: 참여여부 | E3: 티어 | F3: 점수(MMR) | G3: 주포지션1 | H3: 주포지션2 | I3: 부포지션1 | J3: 부포지션2 | K3: 랜덤값 | L3: 랜덤순위
A4: =IF(B4<>"",ROW()-3,"") | B4: {=IFERROR(INDEX('명단입력'!$B$4:$B$40,MATCH(1,'명단입력'!$K$4:$K$40,0)),"")} | C4: {=IFERROR(INDEX('명단입력'!$C$4:$C$40,MATCH(1,'명단입력'!$K$4:$K$40,0)),"")} | D4: {=IFERROR(INDEX('명단입력'!$D$4:$D$40,MATCH(1,'명단입력'!$K$4:$K$40,0)),"")} | E4: {=IFERROR(INDEX('명단입력'!$E$4:$E$40,MATCH(1,'명단입력'!$K$4:$K$40,0)),"")} | F4: {=IFERROR(INDEX('설정'!$B$4:$B$34,MATCH(E4,'설정'!$A$4:$A$34,0)),"")} | G4: {=IFERROR(INDEX('명단입력'!$F$4:$F$40,MATCH(1,'명단입력'!$K$4:$K$40,0)),"")} | H4: {=IFERROR(INDEX('명단입력'!$G$4:$G$40,MATCH(1,'명단입력'!$K$4:$K$40,0)),"")} | I4: {=IFERROR(INDEX('명단입력'!$H$4:$H$40,MATCH(1,'명단입력'!$K$4:$K$40,0)),"")} | J4: {=IFERROR(INDEX('명단입력'!$I$4:$I$40,MATCH(1,'명단입력'!$K$4:$K$40,0)),"")} | K4: =IF(B4<>"",RAND(),"") | L4: =IFERROR(RANK(K4,$K$4:$K$40),"")
A5: =IF(B5<>"",ROW()-3,"") | B5: {=IFERROR(INDEX('명단입력'!$B$4:$B$40,MATCH(2,'명단입력'!$K$4:$K$40,0)),"")} | C5: {=IFERROR(INDEX('명단입력'!$C$4:$C$40,MATCH(2,'명단입력'!$K$4:$K$40,0)),"")} | D5: {=IFERROR(INDEX('명단입력'!$D$4:$D$40,MATCH(2,'명단입력'!$K$4:$K$40,0)),"")} | E5: {=IFERROR(INDEX('명단입력'!$E$4:$E$40,MATCH(2,'명단입력'!$K$4:$K$40,0)),"")} | F5: {=IFERROR(INDEX('설정'!$B$4:$B$34,MATCH(E5,'설정'!$A$4:$A$34,0)),"")} | G5: {=IFERROR(INDEX('명단입력'!$F$4:$F$40,MATCH(2,'명단입력'!$K$4:$K$40,0)),"")} | H5: {=IFERROR(INDEX('명단입력'!$G$4:$G$40,MATCH(2,'명단입력'!$K$4:$K$40,0)),"")} | I5: {=IFERROR(INDEX('명단입력'!$H$4:$H$40,MATCH(2,'명단입력'!$K$4:$K$40,0)),"")} | J5: {=IFERROR(INDEX('명단입력'!$I$4:$I$40,MATCH(2,'명단입력'!$K$4:$K$40,0)),"")} | K5: =IF(B5<>"",RAND(),"") | L5: =IFERROR(RANK(K5,$K$4:$K$40),"")
A6: =IF(B6<>"",ROW()-3,"") | B6: {=IFERROR(INDEX('명단입력'!$B$4:$B$40,MATCH(3,'명단입력'!$K$4:$K$40,0)),"")} | C6: {=IFERROR(INDEX('명단입력'!$C$4:$C$40,MATCH(3,'명단입력'!$K$4:$K$40,0)),"")} | D6: {=IFERROR(INDEX('명단입력'!$D$4:$D$40,MATCH(3,'명단입력'!$K$4:$K$40,0)),"")} | E6: {=IFERROR(INDEX('명단입력'!$E$4:$E$40,MATCH(3,'명단입력'!$K$4:$K$40,0)),"")} | F6: {=IFERROR(INDEX('설정'!$B$4:$B$34,MATCH(E6,'설정'!$A$4:$A$34,0)),"")} | G6: {=IFERROR(INDEX('명단입력'!$F$4:$F$40,MATCH(3,'명단입력'!$K$4:$K$40,0)),"")} | H6: {=IFERROR(INDEX('명단입력'!$G$4:$G$40,MATCH(3,'명단입력'!$K$4:$K$40,0)),"")} | I6: {=IFERROR(INDEX('명단입력'!$H$4:$H$40,MATCH(3,'명단입력'!$K$4:$K$40,0)),"")} | J6: {=IFERROR(INDEX('명단입력'!$I$4:$I$40,MATCH(3,'명단입력'!$K$4:$K$40,0)),"")} | K6: =IF(B6<>"",RAND(),"") | L6: =IFERROR(RANK(K6,$K$4:$K$40),"")
A7: =IF(B7<>"",ROW()-3,"") | B7: {=IFERROR(INDEX('명단입력'!$B$4:$B$40,MATCH(4,'명단입력'!$K$4:$K$40,0)),"")} | C7: {=IFERROR(INDEX('명단입력'!$C$4:$C$40,MATCH(4,'명단입력'!$K$4:$K$40,0)),"")} | D7: {=IFERROR(INDEX('명단입력'!$D$4:$D$40,MATCH(4,'명단입력'!$K$4:$K$40,0)),"")} | E7: {=IFERROR(INDEX('명단입력'!$E$4:$E$40,MATCH(4,'명단입력'!$K$4:$K$40,0)),"")} | F7: {=IFERROR(INDEX('설정'!$B$4:$B$34,MATCH(E7,'설정'!$A$4:$A$34,0)),"")} | G7: {=IFERROR(INDEX('명단입력'!$F$4:$F$40,MATCH(4,'명단입력'!$K$4:$K$40,0)),"")} | H7: {=IFERROR(INDEX('명단입력'!$G$4:$G$40,MATCH(4,'명단입력'!$K$4:$K$40,0)),"")} | I7: {=IFERROR(INDEX('명단입력'!$H$4:$H$40,MATCH(4,'명단입력'!$K$4:$K$40,0)),"")} | J7: {=IFERROR(INDEX('명단입력'!$I$4:$I$40,MATCH(4,'명단입력'!$K$4:$K$40,0)),"")} | K7: =IF(B7<>"",RAND(),"") | L7: =IFERROR(RANK(K7,$K$4:$K$40),"")
A8: =IF(B8<>"",ROW()-3,"") | B8: {=IFERROR(INDEX('명단입력'!$B$4:$B$40,MATCH(5,'명단입력'!$K$4:$K$40,0)),"")} | C8: {=IFERROR(INDEX('명단입력'!$C$4:$C$40,MATCH(5,'명단입력'!$K$4:$K$40,0)),"")} | D8: {=IFERROR(INDEX('명단입력'!$D$4:$D$40,MATCH(5,'명단입력'!$K$4:$K$40,0)),"")} | E8: {=IFERROR(INDEX('명단입력'!$E$4:$E$40,MATCH(5,'명단입력'!$K$4:$K$40,0)),"")} | F8: {=IFERROR(INDEX('설정'!$B$4:$B$34,MATCH(E8,'설정'!$A$4:$A$34,0)),"")} | G8: {=IFERROR(INDEX('명단입력'!$F$4:$F$40,MATCH(5,'명단입력'!$K$4:$K$40,0)),"")} | H8: {=IFERROR(INDEX('명단입력'!$G$4:$G$40,MATCH(5,'명단입력'!$K$4:$K$40,0)),"")} | I8: {=IFERROR(INDEX('명단입력'!$H$4:$H$40,MATCH(5,'명단입력'!$K$4:$K$40,0)),"")} | J8: {=IFERROR(INDEX('명단입력'!$I$4:$I$40,MATCH(5,'명단입력'!$K$4:$K$40,0)),"")} | K8: =IF(B8<>"",RAND(),"") | L8: =IFERROR(RANK(K8,$K$4:$K$40),"")
A9: =IF(B9<>"",ROW()-3,"") | B9: {=IFERROR(INDEX('명단입력'!$B$4:$B$40,MATCH(6,'명단입력'!$K$4:$K$40,0)),"")} | C9: {=IFERROR(INDEX('명단입력'!$C$4:$C$40,MATCH(6,'명단입력'!$K$4:$K$40,0)),"")} | D9: {=IFERROR(INDEX('명단입력'!$D$4:$D$40,MATCH(6,'명단입력'!$K$4:$K$40,0)),"")} | E9: {=IFERROR(INDEX('명단입력'!$E$4:$E$40,MATCH(6,'명단입력'!$K$4:$K$40,0)),"")} | F9: {=IFERROR(INDEX('설정'!$B$4:$B$34,MATCH(E9,'설정'!$A$4:$A$34,0)),"")} | G9: {=IFERROR(INDEX('명단입력'!$F$4:$F$40,MATCH(6,'명단입력'!$K$4:$K$40,0)),"")} | H9: {=IFERROR(INDEX('명단입력'!$G$4:$G$40,MATCH(6,'명단입력'!$K$4:$K$40,0)),"")} | I9: {=IFERROR(INDEX('명단입력'!$H$4:$H$40,MATCH(6,'명단입력'!$K$4:$K$40,0)),"")} | J9: {=IFERROR(INDEX('명단입력'!$I$4:$I$40,MATCH(6,'명단입력'!$K$4:$K$40,0)),"")} | K9: =IF(B9<>"",RAND(),"") | L9: =IFERROR(RANK(K9,$K$4:$K$40),"")
A10: =IF(B10<>"",ROW()-3,"") | B10: {=IFERROR(INDEX('명단입력'!$B$4:$B$40,MATCH(7,'명단입력'!$K$4:$K$40,0)),"")} | C10: {=IFERROR(INDEX('명단입력'!$C$4:$C$40,MATCH(7,'명단입력'!$K$4:$K$40,0)),"")} | D10: {=IFERROR(INDEX('명단입력'!$D$4:$D$40,MATCH(7,'명단입력'!$K$4:$K$40,0)),"")} | E10: {=IFERROR(INDEX('명단입력'!$E$4:$E$40,MATCH(7,'명단입력'!$K$4:$K$40,0)),"")} | F10: {=IFERROR(INDEX('설정'!$B$4:$B$34,MATCH(E10,'설정'!$A$4:$A$34,0)),"")} | G10: {=IFERROR(INDEX('명단입력'!$F$4:$F$40,MATCH(7,'명단입력'!$K$4:$K$40,0)),"")} | H10: {=IFERROR(INDEX('명단입력'!$G$4:$G$40,MATCH(7,'명단입력'!$K$4:$K$40,0)),"")} | I10: {=IFERROR(INDEX('명단입력'!$H$4:$H$40,MATCH(7,'명단입력'!$K$4:$K$40,0)),"")} | J10: {=IFERROR(INDEX('명단입력'!$I$4:$I$40,MATCH(7,'명단입력'!$K$4:$K$40,0)),"")} | K10: =IF(B10<>"",RAND(),"") | L10: =IFERROR(RANK(K10,$K$4:$K$40),"")
A11: =IF(B11<>"",ROW()-3,"") | B11: {=IFERROR(INDEX('명단입력'!$B$4:$B$40,MATCH(8,'명단입력'!$K$4:$K$40,0)),"")} | C11: {=IFERROR(INDEX('명단입력'!$C$4:$C$40,MATCH(8,'명단입력'!$K$4:$K$40,0)),"")} | D11: {=IFERROR(INDEX('명단입력'!$D$4:$D$40,MATCH(8,'명단입력'!$K$4:$K$40,0)),"")} | E11: {=IFERROR(INDEX('명단입력'!$E$4:$E$40,MATCH(8,'명단입력'!$K$4:$K$40,0)),"")} | F11: {=IFERROR(INDEX('설정'!$B$4:$B$34,MATCH(E11,'설정'!$A$4:$A$34,0)),"")} | G11: {=IFERROR(INDEX('명단입력'!$F$4:$F$40,MATCH(8,'명단입력'!$K$4:$K$40,0)),"")} | H11: {=IFERROR(INDEX('명단입력'!$G$4:$G$40,MATCH(8,'명단입력'!$K$4:$K$40,0)),"")} | I11: {=IFERROR(INDEX('명단입력'!$H$4:$H$40,MATCH(8,'명단입력'!$K$4:$K$40,0)),"")} | J11: {=IFERROR(INDEX('명단입력'!$I$4:$I$40,MATCH(8,'명단입력'!$K$4:$K$40,0)),"")} | K11: =IF(B11<>"",RAND(),"") | L11: =IFERROR(RANK(K11,$K$4:$K$40),"")
A12: =IF(B12<>"",ROW()-3,"") | B12: {=IFERROR(INDEX('명단입력'!$B$4:$B$40,MATCH(9,'명단입력'!$K$4:$K$40,0)),"")} | C12: {=IFERROR(INDEX('명단입력'!$C$4:$C$40,MATCH(9,'명단입력'!$K$4:$K$40,0)),"")} | D12: {=IFERROR(INDEX('명단입력'!$D$4:$D$40,MATCH(9,'명단입력'!$K$4:$K$40,0)),"")} | E12: {=IFERROR(INDEX('명단입력'!$E$4:$E$40,MATCH(9,'명단입력'!$K$4:$K$40,0)),"")} | F12: {=IFERROR(INDEX('설정'!$B$4:$B$34,MATCH(E12,'설정'!$A$4:$A$34,0)),"")} | G12: {=IFERROR(INDEX('명단입력'!$F$4:$F$40,MATCH(9,'명단입력'!$K$4:$K$40,0)),"")} | H12: {=IFERROR(INDEX('명단입력'!$G$4:$G$40,MATCH(9,'명단입력'!$K$4:$K$40,0)),"")} | I12: {=IFERROR(INDEX('명단입력'!$H$4:$H$40,MATCH(9,'명단입력'!$K$4:$K$40,0)),"")} | J12: {=IFERROR(INDEX('명단입력'!$I$4:$I$40,MATCH(9,'명단입력'!$K$4:$K$40,0)),"")} | K12: =IF(B12<>"",RAND(),"") | L12: =IFERROR(RANK(K12,$K$4:$K$40),"")
A13: =IF(B13<>"",ROW()-3,"") | B13: {=IFERROR(INDEX('명단입력'!$B$4:$B$40,MATCH(10,'명단입력'!$K$4:$K$40,0)),"")} | C13: {=IFERROR(INDEX('명단입력'!$C$4:$C$40,MATCH(10,'명단입력'!$K$4:$K$40,0)),"")} | D13: {=IFERROR(INDEX('명단입력'!$D$4:$D$40,MATCH(10,'명단입력'!$K$4:$K$40,0)),"")} | E13: {=IFERROR(INDEX('명단입력'!$E$4:$E$40,MATCH(10,'명단입력'!$K$4:$K$40,0)),"")} | F13: {=IFERROR(INDEX('설정'!$B$4:$B$34,MATCH(E13,'설정'!$A$4:$A$34,0)),"")} | G13: {=IFERROR(INDEX('명단입력'!$F$4:$F$40,MATCH(10,'명단입력'!$K$4:$K$40,0)),"")} | H13: {=IFERROR(INDEX('명단입력'!$G$4:$G$40,MATCH(10,'명단입력'!$K$4:$K$40,0)),"")} | I13: {=IFERROR(INDEX('명단입력'!$H$4:$H$40,MATCH(10,'명단입력'!$K$4:$K$40,0)),"")} | J13: {=IFERROR(INDEX('명단입력'!$I$4:$I$40,MATCH(10,'명단입력'!$K$4:$K$40,0)),"")} | K13: =IF(B13<>"",RAND(),"") | L13: =IFERROR(RANK(K13,$K$4:$K$40),"")
A14: =IF(B14<>"",ROW()-3,"") | B14: {=IFERROR(INDEX('명단입력'!$B$4:$B$40,MATCH(11,'명단입력'!$K$4:$K$40,0)),"")} | C14: {=IFERROR(INDEX('명단입력'!$C$4:$C$40,MATCH(11,'명단입력'!$K$4:$K$40,0)),"")} | D14: {=IFERROR(INDEX('명단입력'!$D$4:$D$40,MATCH(11,'명단입력'!$K$4:$K$40,0)),"")} | E14: {=IFERROR(INDEX('명단입력'!$E$4:$E$40,MATCH(11,'명단입력'!$K$4:$K$40,0)),"")} | F14: {=IFERROR(INDEX('설정'!$B$4:$B$34,MATCH(E14,'설정'!$A$4:$A$34,0)),"")} | G14: {=IFERROR(INDEX('명단입력'!$F$4:$F$40,MATCH(11,'명단입력'!$K$4:$K$40,0)),"")} | H14: {=IFERROR(INDEX('명단입력'!$G$4:$G$40,MATCH(11,'명단입력'!$K$4:$K$40,0)),"")} | I14: {=IFERROR(INDEX('명단입력'!$H$4:$H$40,MATCH(11,'명단입력'!$K$4:$K$40,0)),"")} | J14: {=IFERROR(INDEX('명단입력'!$I$4:$I$40,MATCH(11,'명단입력'!$K$4:$K$40,0)),"")} | K14: =IF(B14<>"",RAND(),"") | L14: =IFERROR(RANK(K14,$K$4:$K$40),"")
A15: =IF(B15<>"",ROW()-3,"") | B15: {=IFERROR(INDEX('명단입력'!$B$4:$B$40,MATCH(12,'명단입력'!$K$4:$K$40,0)),"")} | C15: {=IFERROR(INDEX('명단입력'!$C$4:$C$40,MATCH(12,'명단입력'!$K$4:$K$40,0)),"")} | D15: {=IFERROR(INDEX('명단입력'!$D$4:$D$40,MATCH(12,'명단입력'!$K$4:$K$40,0)),"")} | E15: {=IFERROR(INDEX('명단입력'!$E$4:$E$40,MATCH(12,'명단입력'!$K$4:$K$40,0)),"")} | F15: {=IFERROR(INDEX('설정'!$B$4:$B$34,MATCH(E15,'설정'!$A$4:$A$34,0)),"")} | G15: {=IFERROR(INDEX('명단입력'!$F$4:$F$40,MATCH(12,'명단입력'!$K$4:$K$40,0)),"")} | H15: {=IFERROR(INDEX('명단입력'!$G$4:$G$40,MATCH(12,'명단입력'!$K$4:$K$40,0)),"")} | I15: {=IFERROR(INDEX('명단입력'!$H$4:$H$40,MATCH(12,'명단입력'!$K$4:$K$40,0)),"")} | J15: {=IFERROR(INDEX('명단입력'!$I$4:$I$40,MATCH(12,'명단입력'!$K$4:$K$40,0)),"")} | K15: =IF(B15<>"",RAND(),"") | L15: =IFERROR(RANK(K15,$K$4:$K$40),"")
A16: =IF(B16<>"",ROW()-3,"") | B16: {=IFERROR(INDEX('명단입력'!$B$4:$B$40,MATCH(13,'명단입력'!$K$4:$K$40,0)),"")} | C16: {=IFERROR(INDEX('명단입력'!$C$4:$C$40,MATCH(13,'명단입력'!$K$4:$K$40,0)),"")} | D16: {=IFERROR(INDEX('명단입력'!$D$4:$D$40,MATCH(13,'명단입력'!$K$4:$K$40,0)),"")} | E16: {=IFERROR(INDEX('명단입력'!$E$4:$E$40,MATCH(13,'명단입력'!$K$4:$K$40,0)),"")} | F16: {=IFERROR(INDEX('설정'!$B$4:$B$34,MATCH(E16,'설정'!$A$4:$A$34,0)),"")} | G16: {=IFERROR(INDEX('명단입력'!$F$4:$F$40,MATCH(13,'명단입력'!$K$4:$K$40,0)),"")} | H16: {=IFERROR(INDEX('명단입력'!$G$4:$G$40,MATCH(13,'명단입력'!$K$4:$K$40,0)),"")} | I16: {=IFERROR(INDEX('명단입력'!$H$4:$H$40,MATCH(13,'명단입력'!$K$4:$K$40,0)),"")} | J16: {=IFERROR(INDEX('명단입력'!$I$4:$I$40,MATCH(13,'명단입력'!$K$4:$K$40,0)),"")} | K16: =IF(B16<>"",RAND(),"") | L16: =IFERROR(RANK(K16,$K$4:$K$40),"")
A17: =IF(B17<>"",ROW()-3,"") | B17: {=IFERROR(INDEX('명단입력'!$B$4:$B$40,MATCH(14,'명단입력'!$K$4:$K$40,0)),"")} | C17: {=IFERROR(INDEX('명단입력'!$C$4:$C$40,MATCH(14,'명단입력'!$K$4:$K$40,0)),"")} | D17: {=IFERROR(INDEX('명단입력'!$D$4:$D$40,MATCH(14,'명단입력'!$K$4:$K$40,0)),"")} | E17: {=IFERROR(INDEX('명단입력'!$E$4:$E$40,MATCH(14,'명단입력'!$K$4:$K$40,0)),"")} | F17: {=IFERROR(INDEX('설정'!$B$4:$B$34,MATCH(E17,'설정'!$A$4:$A$34,0)),"")} | G17: {=IFERROR(INDEX('명단입력'!$F$4:$F$40,MATCH(14,'명단입력'!$K$4:$K$40,0)),"")} | H17: {=IFERROR(INDEX('명단입력'!$G$4:$G$40,MATCH(14,'명단입력'!$K$4:$K$40,0)),"")} | I17: {=IFERROR(INDEX('명단입력'!$H$4:$H$40,MATCH(14,'명단입력'!$K$4:$K$40,0)),"")} | J17: {=IFERROR(INDEX('명단입력'!$I$4:$I$40,MATCH(14,'명단입력'!$K$4:$K$40,0)),"")} | K17: =IF(B17<>"",RAND(),"") | L17: =IFERROR(RANK(K17,$K$4:$K$40),"")
A18: =IF(B18<>"",ROW()-3,"") | B18: {=IFERROR(INDEX('명단입력'!$B$4:$B$40,MATCH(15,'명단입력'!$K$4:$K$40,0)),"")} | C18: {=IFERROR(INDEX('명단입력'!$C$4:$C$40,MATCH(15,'명단입력'!$K$4:$K$40,0)),"")} | D18: {=IFERROR(INDEX('명단입력'!$D$4:$D$40,MATCH(15,'명단입력'!$K$4:$K$40,0)),"")} | E18: {=IFERROR(INDEX('명단입력'!$E$4:$E$40,MATCH(15,'명단입력'!$K$4:$K$40,0)),"")} | F18: {=IFERROR(INDEX('설정'!$B$4:$B$34,MATCH(E18,'설정'!$A$4:$A$34,0)),"")} | G18: {=IFERROR(INDEX('명단입력'!$F$4:$F$40,MATCH(15,'명단입력'!$K$4:$K$40,0)),"")} | H18: {=IFERROR(INDEX('명단입력'!$G$4:$G$40,MATCH(15,'명단입력'!$K$4:$K$40,0)),"")} | I18: {=IFERROR(INDEX('명단입력'!$H$4:$H$40,MATCH(15,'명단입력'!$K$4:$K$40,0)),"")} | J18: {=IFERROR(INDEX('명단입력'!$I$4:$I$40,MATCH(15,'명단입력'!$K$4:$K$40,0)),"")} | K18: =IF(B18<>"",RAND(),"") | L18: =IFERROR(RANK(K18,$K$4:$K$40),"")
A19: =IF(B19<>"",ROW()-3,"") | B19: {=IFERROR(INDEX('명단입력'!$B$4:$B$40,MATCH(16,'명단입력'!$K$4:$K$40,0)),"")} | C19: {=IFERROR(INDEX('명단입력'!$C$4:$C$40,MATCH(16,'명단입력'!$K$4:$K$40,0)),"")} | D19: {=IFERROR(INDEX('명단입력'!$D$4:$D$40,MATCH(16,'명단입력'!$K$4:$K$40,0)),"")} | E19: {=IFERROR(INDEX('명단입력'!$E$4:$E$40,MATCH(16,'명단입력'!$K$4:$K$40,0)),"")} | F19: {=IFERROR(INDEX('설정'!$B$4:$B$34,MATCH(E19,'설정'!$A$4:$A$34,0)),"")} | G19: {=IFERROR(INDEX('명단입력'!$F$4:$F$40,MATCH(16,'명단입력'!$K$4:$K$40,0)),"")} | H19: {=IFERROR(INDEX('명단입력'!$G$4:$G$40,MATCH(16,'명단입력'!$K$4:$K$40,0)),"")} | I19: {=IFERROR(INDEX('명단입력'!$H$4:$H$40,MATCH(16,'명단입력'!$K$4:$K$40,0)),"")} | J19: {=IFERROR(INDEX('명단입력'!$I$4:$I$40,MATCH(16,'명단입력'!$K$4:$K$40,0)),"")} | K19: =IF(B19<>"",RAND(),"") | L19: =IFERROR(RANK(K19,$K$4:$K$40),"")
A20: =IF(B20<>"",ROW()-3,"") | B20: {=IFERROR(INDEX('명단입력'!$B$4:$B$40,MATCH(17,'명단입력'!$K$4:$K$40,0)),"")} | C20: {=IFERROR(INDEX('명단입력'!$C$4:$C$40,MATCH(17,'명단입력'!$K$4:$K$40,0)),"")} | D20: {=IFERROR(INDEX('명단입력'!$D$4:$D$40,MATCH(17,'명단입력'!$K$4:$K$40,0)),"")} | E20: {=IFERROR(INDEX('명단입력'!$E$4:$E$40,MATCH(17,'명단입력'!$K$4:$K$40,0)),"")} | F20: {=IFERROR(INDEX('설정'!$B$4:$B$34,MATCH(E20,'설정'!$A$4:$A$34,0)),"")} | G20: {=IFERROR(INDEX('명단입력'!$F$4:$F$40,MATCH(17,'명단입력'!$K$4:$K$40,0)),"")} | H20: {=IFERROR(INDEX('명단입력'!$G$4:$G$40,MATCH(17,'명단입력'!$K$4:$K$40,0)),"")} | I20: {=IFERROR(INDEX('명단입력'!$H$4:$H$40,MATCH(17,'명단입력'!$K$4:$K$40,0)),"")} | J20: {=IFERROR(INDEX('명단입력'!$I$4:$I$40,MATCH(17,'명단입력'!$K$4:$K$40,0)),"")} | K20: =IF(B20<>"",RAND(),"") | L20: =IFERROR(RANK(K20,$K$4:$K$40),"")
A21: =IF(B21<>"",ROW()-3,"") | B21: {=IFERROR(INDEX('명단입력'!$B$4:$B$40,MATCH(18,'명단입력'!$K$4:$K$40,0)),"")} | C21: {=IFERROR(INDEX('명단입력'!$C$4:$C$40,MATCH(18,'명단입력'!$K$4:$K$40,0)),"")} | D21: {=IFERROR(INDEX('명단입력'!$D$4:$D$40,MATCH(18,'명단입력'!$K$4:$K$40,0)),"")} | E21: {=IFERROR(INDEX('명단입력'!$E$4:$E$40,MATCH(18,'명단입력'!$K$4:$K$40,0)),"")} | F21: {=IFERROR(INDEX('설정'!$B$4:$B$34,MATCH(E21,'설정'!$A$4:$A$34,0)),"")} | G21: {=IFERROR(INDEX('명단입력'!$F$4:$F$40,MATCH(18,'명단입력'!$K$4:$K$40,0)),"")} | H21: {=IFERROR(INDEX('명단입력'!$G$4:$G$40,MATCH(18,'명단입력'!$K$4:$K$40,0)),"")} | I21: {=IFERROR(INDEX('명단입력'!$H$4:$H$40,MATCH(18,'명단입력'!$K$4:$K$40,0)),"")} | J21: {=IFERROR(INDEX('명단입력'!$I$4:$I$40,MATCH(18,'명단입력'!$K$4:$K$40,0)),"")} | K21: =IF(B21<>"",RAND(),"") | L21: =IFERROR(RANK(K21,$K$4:$K$40),"")
A22: =IF(B22<>"",ROW()-3,"") | B22: {=IFERROR(INDEX('명단입력'!$B$4:$B$40,MATCH(19,'명단입력'!$K$4:$K$40,0)),"")} | C22: {=IFERROR(INDEX('명단입력'!$C$4:$C$40,MATCH(19,'명단입력'!$K$4:$K$40,0)),"")} | D22: {=IFERROR(INDEX('명단입력'!$D$4:$D$40,MATCH(19,'명단입력'!$K$4:$K$40,0)),"")} | E22: {=IFERROR(INDEX('명단입력'!$E$4:$E$40,MATCH(19,'명단입력'!$K$4:$K$40,0)),"")} | F22: {=IFERROR(INDEX('설정'!$B$4:$B$34,MATCH(E22,'설정'!$A$4:$A$34,0)),"")} | G22: {=IFERROR(INDEX('명단입력'!$F$4:$F$40,MATCH(19,'명단입력'!$K$4:$K$40,0)),"")} | H22: {=IFERROR(INDEX('명단입력'!$G$4:$G$40,MATCH(19,'명단입력'!$K$4:$K$40,0)),"")} | I22: {=IFERROR(INDEX('명단입력'!$H$4:$H$40,MATCH(19,'명단입력'!$K$4:$K$40,0)),"")} | J22: {=IFERROR(INDEX('명단입력'!$I$4:$I$40,MATCH(19,'명단입력'!$K$4:$K$40,0)),"")} | K22: =IF(B22<>"",RAND(),"") | L22: =IFERROR(RANK(K22,$K$4:$K$40),"")
A23: =IF(B23<>"",ROW()-3,"") | B23: {=IFERROR(INDEX('명단입력'!$B$4:$B$40,MATCH(20,'명단입력'!$K$4:$K$40,0)),"")} | C23: {=IFERROR(INDEX('명단입력'!$C$4:$C$40,MATCH(20,'명단입력'!$K$4:$K$40,0)),"")} | D23: {=IFERROR(INDEX('명단입력'!$D$4:$D$40,MATCH(20,'명단입력'!$K$4:$K$40,0)),"")} | E23: {=IFERROR(INDEX('명단입력'!$E$4:$E$40,MATCH(20,'명단입력'!$K$4:$K$40,0)),"")} | F23: {=IFERROR(INDEX('설정'!$B$4:$B$34,MATCH(E23,'설정'!$A$4:$A$34,0)),"")} | G23: {=IFERROR(INDEX('명단입력'!$F$4:$F$40,MATCH(20,'명단입력'!$K$4:$K$40,0)),"")} | H23: {=IFERROR(INDEX('명단입력'!$G$4:$G$40,MATCH(20,'명단입력'!$K$4:$K$40,0)),"")} | I23: {=IFERROR(INDEX('명단입력'!$H$4:$H$40,MATCH(20,'명단입력'!$K$4:$K$40,0)),"")} | J23: {=IFERROR(INDEX('명단입력'!$I$4:$I$40,MATCH(20,'명단입력'!$K$4:$K$40,0)),"")} | K23: =IF(B23<>"",RAND(),"") | L23: =IFERROR(RANK(K23,$K$4:$K$40),"")
A24: =IF(B24<>"",ROW()-3,"") | B24: {=IFERROR(INDEX('명단입력'!$B$4:$B$40,MATCH(21,'명단입력'!$K$4:$K$40,0)),"")} | C24: {=IFERROR(INDEX('명단입력'!$C$4:$C$40,MATCH(21,'명단입력'!$K$4:$K$40,0)),"")} | D24: {=IFERROR(INDEX('명단입력'!$D$4:$D$40,MATCH(21,'명단입력'!$K$4:$K$40,0)),"")} | E24: {=IFERROR(INDEX('명단입력'!$E$4:$E$40,MATCH(21,'명단입력'!$K$4:$K$40,0)),"")} | F24: {=IFERROR(INDEX('설정'!$B$4:$B$34,MATCH(E24,'설정'!$A$4:$A$34,0)),"")} | G24: {=IFERROR(INDEX('명단입력'!$F$4:$F$40,MATCH(21,'명단입력'!$K$4:$K$40,0)),"")} | H24: {=IFERROR(INDEX('명단입력'!$G$4:$G$40,MATCH(21,'명단입력'!$K$4:$K$40,0)),"")} | I24: {=IFERROR(INDEX('명단입력'!$H$4:$H$40,MATCH(21,'명단입력'!$K$4:$K$40,0)),"")} | J24: {=IFERROR(INDEX('명단입력'!$I$4:$I$40,MATCH(21,'명단입력'!$K$4:$K$40,0)),"")} | K24: =IF(B24<>"",RAND(),"") | L24: =IFERROR(RANK(K24,$K$4:$K$40),"")
A25: =IF(B25<>"",ROW()-3,"") | B25: {=IFERROR(INDEX('명단입력'!$B$4:$B$40,MATCH(22,'명단입력'!$K$4:$K$40,0)),"")} | C25: {=IFERROR(INDEX('명단입력'!$C$4:$C$40,MATCH(22,'명단입력'!$K$4:$K$40,0)),"")} | D25: {=IFERROR(INDEX('명단입력'!$D$4:$D$40,MATCH(22,'명단입력'!$K$4:$K$40,0)),"")} | E25: {=IFERROR(INDEX('명단입력'!$E$4:$E$40,MATCH(22,'명단입력'!$K$4:$K$40,0)),"")} | F25: {=IFERROR(INDEX('설정'!$B$4:$B$34,MATCH(E25,'설정'!$A$4:$A$34,0)),"")} | G25: {=IFERROR(INDEX('명단입력'!$F$4:$F$40,MATCH(22,'명단입력'!$K$4:$K$40,0)),"")} | H25: {=IFERROR(INDEX('명단입력'!$G$4:$G$40,MATCH(22,'명단입력'!$K$4:$K$40,0)),"")} | I25: {=IFERROR(INDEX('명단입력'!$H$4:$H$40,MATCH(22,'명단입력'!$K$4:$K$40,0)),"")} | J25: {=IFERROR(INDEX('명단입력'!$I$4:$I$40,MATCH(22,'명단입력'!$K$4:$K$40,0)),"")} | K25: =IF(B25<>"",RAND(),"") | L25: =IFERROR(RANK(K25,$K$4:$K$40),"")
A26: =IF(B26<>"",ROW()-3,"") | B26: {=IFERROR(INDEX('명단입력'!$B$4:$B$40,MATCH(23,'명단입력'!$K$4:$K$40,0)),"")} | C26: {=IFERROR(INDEX('명단입력'!$C$4:$C$40,MATCH(23,'명단입력'!$K$4:$K$40,0)),"")} | D26: {=IFERROR(INDEX('명단입력'!$D$4:$D$40,MATCH(23,'명단입력'!$K$4:$K$40,0)),"")} | E26: {=IFERROR(INDEX('명단입력'!$E$4:$E$40,MATCH(23,'명단입력'!$K$4:$K$40,0)),"")} | F26: {=IFERROR(INDEX('설정'!$B$4:$B$34,MATCH(E26,'설정'!$A$4:$A$34,0)),"")} | G26: {=IFERROR(INDEX('명단입력'!$F$4:$F$40,MATCH(23,'명단입력'!$K$4:$K$40,0)),"")} | H26: {=IFERROR(INDEX('명단입력'!$G$4:$G$40,MATCH(23,'명단입력'!$K$4:$K$40,0)),"")} | I26: {=IFERROR(INDEX('명단입력'!$H$4:$H$40,MATCH(23,'명단입력'!$K$4:$K$40,0)),"")} | J26: {=IFERROR(INDEX('명단입력'!$I$4:$I$40,MATCH(23,'명단입력'!$K$4:$K$40,0)),"")} | K26: =IF(B26<>"",RAND(),"") | L26: =IFERROR(RANK(K26,$K$4:$K$40),"")
A27: =IF(B27<>"",ROW()-3,"") | B27: {=IFERROR(INDEX('명단입력'!$B$4:$B$40,MATCH(24,'명단입력'!$K$4:$K$40,0)),"")} | C27: {=IFERROR(INDEX('명단입력'!$C$4:$C$40,MATCH(24,'명단입력'!$K$4:$K$40,0)),"")} | D27: {=IFERROR(INDEX('명단입력'!$D$4:$D$40,MATCH(24,'명단입력'!$K$4:$K$40,0)),"")} | E27: {=IFERROR(INDEX('명단입력'!$E$4:$E$40,MATCH(24,'명단입력'!$K$4:$K$40,0)),"")} | F27: {=IFERROR(INDEX('설정'!$B$4:$B$34,MATCH(E27,'설정'!$A$4:$A$34,0)),"")} | G27: {=IFERROR(INDEX('명단입력'!$F$4:$F$40,MATCH(24,'명단입력'!$K$4:$K$40,0)),"")} | H27: {=IFERROR(INDEX('명단입력'!$G$4:$G$40,MATCH(24,'명단입력'!$K$4:$K$40,0)),"")} | I27: {=IFERROR(INDEX('명단입력'!$H$4:$H$40,MATCH(24,'명단입력'!$K$4:$K$40,0)),"")} | J27: {=IFERROR(INDEX('명단입력'!$I$4:$I$40,MATCH(24,'명단입력'!$K$4:$K$40,0)),"")} | K27: =IF(B27<>"",RAND(),"") | L27: =IFERROR(RANK(K27,$K$4:$K$40),"")
A28: =IF(B28<>"",ROW()-3,"") | B28: {=IFERROR(INDEX('명단입력'!$B$4:$B$40,MATCH(25,'명단입력'!$K$4:$K$40,0)),"")} | C28: {=IFERROR(INDEX('명단입력'!$C$4:$C$40,MATCH(25,'명단입력'!$K$4:$K$40,0)),"")} | D28: {=IFERROR(INDEX('명단입력'!$D$4:$D$40,MATCH(25,'명단입력'!$K$4:$K$40,0)),"")} | E28: {=IFERROR(INDEX('명단입력'!$E$4:$E$40,MATCH(25,'명단입력'!$K$4:$K$40,0)),"")} | F28: {=IFERROR(INDEX('설정'!$B$4:$B$34,MATCH(E28,'설정'!$A$4:$A$34,0)),"")} | G28: {=IFERROR(INDEX('명단입력'!$F$4:$F$40,MATCH(25,'명단입력'!$K$4:$K$40,0)),"")} | H28: {=IFERROR(INDEX('명단입력'!$G$4:$G$40,MATCH(25,'명단입력'!$K$4:$K$40,0)),"")} | I28: {=IFERROR(INDEX('명단입력'!$H$4:$H$40,MATCH(25,'명단입력'!$K$4:$K$40,0)),"")} | J28: {=IFERROR(INDEX('명단입력'!$I$4:$I$40,MATCH(25,'명단입력'!$K$4:$K$40,0)),"")} | K28: =IF(B28<>"",RAND(),"") | L28: =IFERROR(RANK(K28,$K$4:$K$40),"")
A29: =IF(B29<>"",ROW()-3,"") | B29: {=IFERROR(INDEX('명단입력'!$B$4:$B$40,MATCH(26,'명단입력'!$K$4:$K$40,0)),"")} | C29: {=IFERROR(INDEX('명단입력'!$C$4:$C$40,MATCH(26,'명단입력'!$K$4:$K$40,0)),"")} | D29: {=IFERROR(INDEX('명단입력'!$D$4:$D$40,MATCH(26,'명단입력'!$K$4:$K$40,0)),"")} | E29: {=IFERROR(INDEX('명단입력'!$E$4:$E$40,MATCH(26,'명단입력'!$K$4:$K$40,0)),"")} | F29: {=IFERROR(INDEX('설정'!$B$4:$B$34,MATCH(E29,'설정'!$A$4:$A$34,0)),"")} | G29: {=IFERROR(INDEX('명단입력'!$F$4:$F$40,MATCH(26,'명단입력'!$K$4:$K$40,0)),"")} | H29: {=IFERROR(INDEX('명단입력'!$G$4:$G$40,MATCH(26,'명단입력'!$K$4:$K$40,0)),"")} | I29: {=IFERROR(INDEX('명단입력'!$H$4:$H$40,MATCH(26,'명단입력'!$K$4:$K$40,0)),"")} | J29: {=IFERROR(INDEX('명단입력'!$I$4:$I$40,MATCH(26,'명단입력'!$K$4:$K$40,0)),"")} | K29: =IF(B29<>"",RAND(),"") | L29: =IFERROR(RANK(K29,$K$4:$K$40),"")
A30: =IF(B30<>"",ROW()-3,"") | B30: {=IFERROR(INDEX('명단입력'!$B$4:$B$40,MATCH(27,'명단입력'!$K$4:$K$40,0)),"")} | C30: {=IFERROR(INDEX('명단입력'!$C$4:$C$40,MATCH(27,'명단입력'!$K$4:$K$40,0)),"")} | D30: {=IFERROR(INDEX('명단입력'!$D$4:$D$40,MATCH(27,'명단입력'!$K$4:$K$40,0)),"")} | E30: {=IFERROR(INDEX('명단입력'!$E$4:$E$40,MATCH(27,'명단입력'!$K$4:$K$40,0)),"")} | F30: {=IFERROR(INDEX('설정'!$B$4:$B$34,MATCH(E30,'설정'!$A$4:$A$34,0)),"")} | G30: {=IFERROR(INDEX('명단입력'!$F$4:$F$40,MATCH(27,'명단입력'!$K$4:$K$40,0)),"")} | H30: {=IFERROR(INDEX('명단입력'!$G$4:$G$40,MATCH(27,'명단입력'!$K$4:$K$40,0)),"")} | I30: {=IFERROR(INDEX('명단입력'!$H$4:$H$40,MATCH(27,'명단입력'!$K$4:$K$40,0)),"")} | J30: {=IFERROR(INDEX('명단입력'!$I$4:$I$40,MATCH(27,'명단입력'!$K$4:$K$40,0)),"")} | K30: =IF(B30<>"",RAND(),"") | L30: =IFERROR(RANK(K30,$K$4:$K$40),"")
A31: =IF(B31<>"",ROW()-3,"") | B31: {=IFERROR(INDEX('명단입력'!$B$4:$B$40,MATCH(28,'명단입력'!$K$4:$K$40,0)),"")} | C31: {=IFERROR(INDEX('명단입력'!$C$4:$C$40,MATCH(28,'명단입력'!$K$4:$K$40,0)),"")} | D31: {=IFERROR(INDEX('명단입력'!$D$4:$D$40,MATCH(28,'명단입력'!$K$4:$K$40,0)),"")} | E31: {=IFERROR(INDEX('명단입력'!$E$4:$E$40,MATCH(28,'명단입력'!$K$4:$K$40,0)),"")} | F31: {=IFERROR(INDEX('설정'!$B$4:$B$34,MATCH(E31,'설정'!$A$4:$A$34,0)),"")} | G31: {=IFERROR(INDEX('명단입력'!$F$4:$F$40,MATCH(28,'명단입력'!$K$4:$K$40,0)),"")} | H31: {=IFERROR(INDEX('명단입력'!$G$4:$G$40,MATCH(28,'명단입력'!$K$4:$K$40,0)),"")} | I31: {=IFERROR(INDEX('명단입력'!$H$4:$H$40,MATCH(28,'명단입력'!$K$4:$K$40,0)),"")} | J31: {=IFERROR(INDEX('명단입력'!$I$4:$I$40,MATCH(28,'명단입력'!$K$4:$K$40,0)),"")} | K31: =IF(B31<>"",RAND(),"") | L31: =IFERROR(RANK(K31,$K$4:$K$40),"")
A32: =IF(B32<>"",ROW()-3,"") | B32: {=IFERROR(INDEX('명단입력'!$B$4:$B$40,MATCH(29,'명단입력'!$K$4:$K$40,0)),"")} | C32: {=IFERROR(INDEX('명단입력'!$C$4:$C$40,MATCH(29,'명단입력'!$K$4:$K$40,0)),"")} | D32: {=IFERROR(INDEX('명단입력'!$D$4:$D$40,MATCH(29,'명단입력'!$K$4:$K$40,0)),"")} | E32: {=IFERROR(INDEX('명단입력'!$E$4:$E$40,MATCH(29,'명단입력'!$K$4:$K$40,0)),"")} | F32: {=IFERROR(INDEX('설정'!$B$4:$B$34,MATCH(E32,'설정'!$A$4:$A$34,0)),"")} | G32: {=IFERROR(INDEX('명단입력'!$F$4:$F$40,MATCH(29,'명단입력'!$K$4:$K$40,0)),"")} | H32: {=IFERROR(INDEX('명단입력'!$G$4:$G$40,MATCH(29,'명단입력'!$K$4:$K$40,0)),"")} | I32: {=IFERROR(INDEX('명단입력'!$H$4:$H$40,MATCH(29,'명단입력'!$K$4:$K$40,0)),"")} | J32: {=IFERROR(INDEX('명단입력'!$I$4:$I$40,MATCH(29,'명단입력'!$K$4:$K$40,0)),"")} | K32: =IF(B32<>"",RAND(),"") | L32: =IFERROR(RANK(K32,$K$4:$K$40),"")
A33: =IF(B33<>"",ROW()-3,"") | B33: {=IFERROR(INDEX('명단입력'!$B$4:$B$40,MATCH(30,'명단입력'!$K$4:$K$40,0)),"")} | C33: {=IFERROR(INDEX('명단입력'!$C$4:$C$40,MATCH(30,'명단입력'!$K$4:$K$40,0)),"")} | D33: {=IFERROR(INDEX('명단입력'!$D$4:$D$40,MATCH(30,'명단입력'!$K$4:$K$40,0)),"")} | E33: {=IFERROR(INDEX('명단입력'!$E$4:$E$40,MATCH(30,'명단입력'!$K$4:$K$40,0)),"")} | F33: {=IFERROR(INDEX('설정'!$B$4:$B$34,MATCH(E33,'설정'!$A$4:$A$34,0)),"")} | G33: {=IFERROR(INDEX('명단입력'!$F$4:$F$40,MATCH(30,'명단입력'!$K$4:$K$40,0)),"")} | H33: {=IFERROR(INDEX('명단입력'!$G$4:$G$40,MATCH(30,'명단입력'!$K$4:$K$40,0)),"")} | I33: {=IFERROR(INDEX('명단입력'!$H$4:$H$40,MATCH(30,'명단입력'!$K$4:$K$40,0)),"")} | J33: {=IFERROR(INDEX('명단입력'!$I$4:$I$40,MATCH(30,'명단입력'!$K$4:$K$40,0)),"")} | K33: =IF(B33<>"",RAND(),"") | L33: =IFERROR(RANK(K33,$K$4:$K$40),"")
A34: =IF(B34<>"",ROW()-3,"") | B34: {=IFERROR(INDEX('명단입력'!$B$4:$B$40,MATCH(31,'명단입력'!$K$4:$K$40,0)),"")} | C34: {=IFERROR(INDEX('명단입력'!$C$4:$C$40,MATCH(31,'명단입력'!$K$4:$K$40,0)),"")} | D34: {=IFERROR(INDEX('명단입력'!$D$4:$D$40,MATCH(31,'명단입력'!$K$4:$K$40,0)),"")} | E34: {=IFERROR(INDEX('명단입력'!$E$4:$E$40,MATCH(31,'명단입력'!$K$4:$K$40,0)),"")} | F34: {=IFERROR(INDEX('설정'!$B$4:$B$34,MATCH(E34,'설정'!$A$4:$A$34,0)),"")} | G34: {=IFERROR(INDEX('명단입력'!$F$4:$F$40,MATCH(31,'명단입력'!$K$4:$K$40,0)),"")} | H34: {=IFERROR(INDEX('명단입력'!$G$4:$G$40,MATCH(31,'명단입력'!$K$4:$K$40,0)),"")} | I34: {=IFERROR(INDEX('명단입력'!$H$4:$H$40,MATCH(31,'명단입력'!$K$4:$K$40,0)),"")} | J34: {=IFERROR(INDEX('명단입력'!$I$4:$I$40,MATCH(31,'명단입력'!$K$4:$K$40,0)),"")} | K34: =IF(B34<>"",RAND(),"") | L34: =IFERROR(RANK(K34,$K$4:$K$40),"")
A35: =IF(B35<>"",ROW()-3,"") | B35: {=IFERROR(INDEX('명단입력'!$B$4:$B$40,MATCH(32,'명단입력'!$K$4:$K$40,0)),"")} | C35: {=IFERROR(INDEX('명단입력'!$C$4:$C$40,MATCH(32,'명단입력'!$K$4:$K$40,0)),"")} | D35: {=IFERROR(INDEX('명단입력'!$D$4:$D$40,MATCH(32,'명단입력'!$K$4:$K$40,0)),"")} | E35: {=IFERROR(INDEX('명단입력'!$E$4:$E$40,MATCH(32,'명단입력'!$K$4:$K$40,0)),"")} | F35: {=IFERROR(INDEX('설정'!$B$4:$B$34,MATCH(E35,'설정'!$A$4:$A$34,0)),"")} | G35: {=IFERROR(INDEX('명단입력'!$F$4:$F$40,MATCH(32,'명단입력'!$K$4:$K$40,0)),"")} | H35: {=IFERROR(INDEX('명단입력'!$G$4:$G$40,MATCH(32,'명단입력'!$K$4:$K$40,0)),"")} | I35: {=IFERROR(INDEX('명단입력'!$H$4:$H$40,MATCH(32,'명단입력'!$K$4:$K$40,0)),"")} | J35: {=IFERROR(INDEX('명단입력'!$I$4:$I$40,MATCH(32,'명단입력'!$K$4:$K$40,0)),"")} | K35: =IF(B35<>"",RAND(),"") | L35: =IFERROR(RANK(K35,$K$4:$K$40),"")
A36: =IF(B36<>"",ROW()-3,"") | B36: {=IFERROR(INDEX('명단입력'!$B$4:$B$40,MATCH(33,'명단입력'!$K$4:$K$40,0)),"")} | C36: {=IFERROR(INDEX('명단입력'!$C$4:$C$40,MATCH(33,'명단입력'!$K$4:$K$40,0)),"")} | D36: {=IFERROR(INDEX('명단입력'!$D$4:$D$40,MATCH(33,'명단입력'!$K$4:$K$40,0)),"")} | E36: {=IFERROR(INDEX('명단입력'!$E$4:$E$40,MATCH(33,'명단입력'!$K$4:$K$40,0)),"")} | F36: {=IFERROR(INDEX('설정'!$B$4:$B$34,MATCH(E36,'설정'!$A$4:$A$34,0)),"")} | G36: {=IFERROR(INDEX('명단입력'!$F$4:$F$40,MATCH(33,'명단입력'!$K$4:$K$40,0)),"")} | H36: {=IFERROR(INDEX('명단입력'!$G$4:$G$40,MATCH(33,'명단입력'!$K$4:$K$40,0)),"")} | I36: {=IFERROR(INDEX('명단입력'!$H$4:$H$40,MATCH(33,'명단입력'!$K$4:$K$40,0)),"")} | J36: {=IFERROR(INDEX('명단입력'!$I$4:$I$40,MATCH(33,'명단입력'!$K$4:$K$40,0)),"")} | K36: =IF(B36<>"",RAND(),"") | L36: =IFERROR(RANK(K36,$K$4:$K$40),"")
A37: =IF(B37<>"",ROW()-3,"") | B37: {=IFERROR(INDEX('명단입력'!$B$4:$B$40,MATCH(34,'명단입력'!$K$4:$K$40,0)),"")} | C37: {=IFERROR(INDEX('명단입력'!$C$4:$C$40,MATCH(34,'명단입력'!$K$4:$K$40,0)),"")} | D37: {=IFERROR(INDEX('명단입력'!$D$4:$D$40,MATCH(34,'명단입력'!$K$4:$K$40,0)),"")} | E37: {=IFERROR(INDEX('명단입력'!$E$4:$E$40,MATCH(34,'명단입력'!$K$4:$K$40,0)),"")} | F37: {=IFERROR(INDEX('설정'!$B$4:$B$34,MATCH(E37,'설정'!$A$4:$A$34,0)),"")} | G37: {=IFERROR(INDEX('명단입력'!$F$4:$F$40,MATCH(34,'명단입력'!$K$4:$K$40,0)),"")} | H37: {=IFERROR(INDEX('명단입력'!$G$4:$G$40,MATCH(34,'명단입력'!$K$4:$K$40,0)),"")} | I37: {=IFERROR(INDEX('명단입력'!$H$4:$H$40,MATCH(34,'명단입력'!$K$4:$K$40,0)),"")} | J37: {=IFERROR(INDEX('명단입력'!$I$4:$I$40,MATCH(34,'명단입력'!$K$4:$K$40,0)),"")} | K37: =IF(B37<>"",RAND(),"") | L37: =IFERROR(RANK(K37,$K$4:$K$40),"")
A38: =IF(B38<>"",ROW()-3,"") | B38: {=IFERROR(INDEX('명단입력'!$B$4:$B$40,MATCH(35,'명단입력'!$K$4:$K$40,0)),"")} | C38: {=IFERROR(INDEX('명단입력'!$C$4:$C$40,MATCH(35,'명단입력'!$K$4:$K$40,0)),"")} | D38: {=IFERROR(INDEX('명단입력'!$D$4:$D$40,MATCH(35,'명단입력'!$K$4:$K$40,0)),"")} | E38: {=IFERROR(INDEX('명단입력'!$E$4:$E$40,MATCH(35,'명단입력'!$K$4:$K$40,0)),"")} | F38: {=IFERROR(INDEX('설정'!$B$4:$B$34,MATCH(E38,'설정'!$A$4:$A$34,0)),"")} | G38: {=IFERROR(INDEX('명단입력'!$F$4:$F$40,MATCH(35,'명단입력'!$K$4:$K$40,0)),"")} | H38: {=IFERROR(INDEX('명단입력'!$G$4:$G$40,MATCH(35,'명단입력'!$K$4:$K$40,0)),"")} | I38: {=IFERROR(INDEX('명단입력'!$H$4:$H$40,MATCH(35,'명단입력'!$K$4:$K$40,0)),"")} | J38: {=IFERROR(INDEX('명단입력'!$I$4:$I$40,MATCH(35,'명단입력'!$K$4:$K$40,0)),"")} | K38: =IF(B38<>"",RAND(),"") | L38: =IFERROR(RANK(K38,$K$4:$K$40),"")
A39: =IF(B39<>"",ROW()-3,"") | B39: {=IFERROR(INDEX('명단입력'!$B$4:$B$40,MATCH(36,'명단입력'!$K$4:$K$40,0)),"")} | C39: {=IFERROR(INDEX('명단입력'!$C$4:$C$40,MATCH(36,'명단입력'!$K$4:$K$40,0)),"")} | D39: {=IFERROR(INDEX('명단입력'!$D$4:$D$40,MATCH(36,'명단입력'!$K$4:$K$40,0)),"")} | E39: {=IFERROR(INDEX('명단입력'!$E$4:$E$40,MATCH(36,'명단입력'!$K$4:$K$40,0)),"")} | F39: {=IFERROR(INDEX('설정'!$B$4:$B$34,MATCH(E39,'설정'!$A$4:$A$34,0)),"")} | G39: {=IFERROR(INDEX('명단입력'!$F$4:$F$40,MATCH(36,'명단입력'!$K$4:$K$40,0)),"")} | H39: {=IFERROR(INDEX('명단입력'!$G$4:$G$40,MATCH(36,'명단입력'!$K$4:$K$40,0)),"")} | I39: {=IFERROR(INDEX('명단입력'!$H$4:$H$40,MATCH(36,'명단입력'!$K$4:$K$40,0)),"")} | J39: {=IFERROR(INDEX('명단입력'!$I$4:$I$40,MATCH(36,'명단입력'!$K$4:$K$40,0)),"")} | K39: =IF(B39<>"",RAND(),"") | L39: =IFERROR(RANK(K39,$K$4:$K$40),"")
A40: =IF(B40<>"",ROW()-3,"") | B40: {=IFERROR(INDEX('명단입력'!$B$4:$B$40,MATCH(37,'명단입력'!$K$4:$K$40,0)),"")} | C40: {=IFERROR(INDEX('명단입력'!$C$4:$C$40,MATCH(37,'명단입력'!$K$4:$K$40,0)),"")} | D40: {=IFERROR(INDEX('명단입력'!$D$4:$D$40,MATCH(37,'명단입력'!$K$4:$K$40,0)),"")} | E40: {=IFERROR(INDEX('명단입력'!$E$4:$E$40,MATCH(37,'명단입력'!$K$4:$K$40,0)),"")} | F40: {=IFERROR(INDEX('설정'!$B$4:$B$34,MATCH(E40,'설정'!$A$4:$A$34,0)),"")} | G40: {=IFERROR(INDEX('명단입력'!$F$4:$F$40,MATCH(37,'명단입력'!$K$4:$K$40,0)),"")} | H40: {=IFERROR(INDEX('명단입력'!$G$4:$G$40,MATCH(37,'명단입력'!$K$4:$K$40,0)),"")} | I40: {=IFERROR(INDEX('명단입력'!$H$4:$H$40,MATCH(37,'명단입력'!$K$4:$K$40,0)),"")} | J40: {=IFERROR(INDEX('명단입력'!$I$4:$I$40,MATCH(37,'명단입력'!$K$4:$K$40,0)),"")} | K40: =IF(B40<>"",RAND(),"") | L40: =IFERROR(RANK(K40,$K$4:$K$40),"")

Sheet 명단입력
A1: 참가자 명단 입력
A2: 디코닉네임(B열)을 드롭다운에서 선택하면 닉네임#태그·포지션·티어가 참가자DB 기준으로 자동으로 채워집니다. 이번 판에 티어가 다르면 E열을 직접 덮어써도 되고, 계속 쓸 값이면 참가자DB의 '최근 티어'를 바꿔주세요. 참여여부(D열)만 매번 직접 정하면 됩니다.
A3: 번호 | B3: 디코닉네임 | C3: 닉네임#태그 | D3: 참여여부 | E3: 티어 | F3: 주포지션1 | G3: 주포지션2 | H3: 부포지션1 | I3: 부포지션2 | K3: 순번(자동)
A4: =IF(B4<>"",ROW()-3,"") | C4: {=IFERROR(INDEX('참가자DB'!$C$4:$C$40,MATCH(B4,'참가자DB'!$B$4:$B$40,0)),"")} | D4: Y | E4: {=IFERROR(INDEX('참가자DB'!$H$4:$H$40,MATCH(B4,'참가자DB'!$B$4:$B$40,0)),"")} | F4: {=IFERROR(INDEX('참가자DB'!$D$4:$D$40,MATCH(B4,'참가자DB'!$B$4:$B$40,0)),"")} | G4: {=IFERROR(INDEX('참가자DB'!$E$4:$E$40,MATCH(B4,'참가자DB'!$B$4:$B$40,0)),"")} | H4: {=IFERROR(INDEX('참가자DB'!$F$4:$F$40,MATCH(B4,'참가자DB'!$B$4:$B$40,0)),"")} | I4: {=IFERROR(INDEX('참가자DB'!$G$4:$G$40,MATCH(B4,'참가자DB'!$B$4:$B$40,0)),"")} | K4: =IF($B4<>"",SUMPRODUCT(--($B$4:$B4<>"")),"")
A5: =IF(B5<>"",ROW()-3,"") | C5: {=IFERROR(INDEX('참가자DB'!$C$4:$C$40,MATCH(B5,'참가자DB'!$B$4:$B$40,0)),"")} | D5: Y | E5: {=IFERROR(INDEX('참가자DB'!$H$4:$H$40,MATCH(B5,'참가자DB'!$B$4:$B$40,0)),"")} | F5: {=IFERROR(INDEX('참가자DB'!$D$4:$D$40,MATCH(B5,'참가자DB'!$B$4:$B$40,0)),"")} | G5: {=IFERROR(INDEX('참가자DB'!$E$4:$E$40,MATCH(B5,'참가자DB'!$B$4:$B$40,0)),"")} | H5: {=IFERROR(INDEX('참가자DB'!$F$4:$F$40,MATCH(B5,'참가자DB'!$B$4:$B$40,0)),"")} | I5: {=IFERROR(INDEX('참가자DB'!$G$4:$G$40,MATCH(B5,'참가자DB'!$B$4:$B$40,0)),"")} | K5: =IF($B5<>"",SUMPRODUCT(--($B$4:$B5<>"")),"")
A6: =IF(B6<>"",ROW()-3,"") | C6: {=IFERROR(INDEX('참가자DB'!$C$4:$C$40,MATCH(B6,'참가자DB'!$B$4:$B$40,0)),"")} | D6: Y | E6: {=IFERROR(INDEX('참가자DB'!$H$4:$H$40,MATCH(B6,'참가자DB'!$B$4:$B$40,0)),"")} | F6: {=IFERROR(INDEX('참가자DB'!$D$4:$D$40,MATCH(B6,'참가자DB'!$B$4:$B$40,0)),"")} | G6: {=IFERROR(INDEX('참가자DB'!$E$4:$E$40,MATCH(B6,'참가자DB'!$B$4:$B$40,0)),"")} | H6: {=IFERROR(INDEX('참가자DB'!$F$4:$F$40,MATCH(B6,'참가자DB'!$B$4:$B$40,0)),"")} | I6: {=IFERROR(INDEX('참가자DB'!$G$4:$G$40,MATCH(B6,'참가자DB'!$B$4:$B$40,0)),"")} | K6: =IF($B6<>"",SUMPRODUCT(--($B$4:$B6<>"")),"")
A7: =IF(B7<>"",ROW()-3,"") | C7: {=IFERROR(INDEX('참가자DB'!$C$4:$C$40,MATCH(B7,'참가자DB'!$B$4:$B$40,0)),"")} | D7: Y | E7: {=IFERROR(INDEX('참가자DB'!$H$4:$H$40,MATCH(B7,'참가자DB'!$B$4:$B$40,0)),"")} | F7: {=IFERROR(INDEX('참가자DB'!$D$4:$D$40,MATCH(B7,'참가자DB'!$B$4:$B$40,0)),"")} | G7: {=IFERROR(INDEX('참가자DB'!$E$4:$E$40,MATCH(B7,'참가자DB'!$B$4:$B$40,0)),"")} | H7: {=IFERROR(INDEX('참가자DB'!$F$4:$F$40,MATCH(B7,'참가자DB'!$B$4:$B$40,0)),"")} | I7: {=IFERROR(INDEX('참가자DB'!$G$4:$G$40,MATCH(B7,'참가자DB'!$B$4:$B$40,0)),"")} | K7: =IF($B7<>"",SUMPRODUCT(--($B$4:$B7<>"")),"")
A8: =IF(B8<>"",ROW()-3,"") | C8: {=IFERROR(INDEX('참가자DB'!$C$4:$C$40,MATCH(B8,'참가자DB'!$B$4:$B$40,0)),"")} | D8: Y | E8: {=IFERROR(INDEX('참가자DB'!$H$4:$H$40,MATCH(B8,'참가자DB'!$B$4:$B$40,0)),"")} | F8: {=IFERROR(INDEX('참가자DB'!$D$4:$D$40,MATCH(B8,'참가자DB'!$B$4:$B$40,0)),"")} | G8: {=IFERROR(INDEX('참가자DB'!$E$4:$E$40,MATCH(B8,'참가자DB'!$B$4:$B$40,0)),"")} | H8: {=IFERROR(INDEX('참가자DB'!$F$4:$F$40,MATCH(B8,'참가자DB'!$B$4:$B$40,0)),"")} | I8: {=IFERROR(INDEX('참가자DB'!$G$4:$G$40,MATCH(B8,'참가자DB'!$B$4:$B$40,0)),"")} | K8: =IF($B8<>"",SUMPRODUCT(--($B$4:$B8<>"")),"")
A9: =IF(B9<>"",ROW()-3,"") | C9: {=IFERROR(INDEX('참가자DB'!$C$4:$C$40,MATCH(B9,'참가자DB'!$B$4:$B$40,0)),"")} | D9: Y | E9: {=IFERROR(INDEX('참가자DB'!$H$4:$H$40,MATCH(B9,'참가자DB'!$B$4:$B$40,0)),"")} | F9: {=IFERROR(INDEX('참가자DB'!$D$4:$D$40,MATCH(B9,'참가자DB'!$B$4:$B$40,0)),"")} | G9: {=IFERROR(INDEX('참가자DB'!$E$4:$E$40,MATCH(B9,'참가자DB'!$B$4:$B$40,0)),"")} | H9: {=IFERROR(INDEX('참가자DB'!$F$4:$F$40,MATCH(B9,'참가자DB'!$B$4:$B$40,0)),"")} | I9: {=IFERROR(INDEX('참가자DB'!$G$4:$G$40,MATCH(B9,'참가자DB'!$B$4:$B$40,0)),"")} | K9: =IF($B9<>"",SUMPRODUCT(--($B$4:$B9<>"")),"")
A10: =IF(B10<>"",ROW()-3,"") | C10: {=IFERROR(INDEX('참가자DB'!$C$4:$C$40,MATCH(B10,'참가자DB'!$B$4:$B$40,0)),"")} | D10: Y | E10: {=IFERROR(INDEX('참가자DB'!$H$4:$H$40,MATCH(B10,'참가자DB'!$B$4:$B$40,0)),"")} | F10: {=IFERROR(INDEX('참가자DB'!$D$4:$D$40,MATCH(B10,'참가자DB'!$B$4:$B$40,0)),"")} | G10: {=IFERROR(INDEX('참가자DB'!$E$4:$E$40,MATCH(B10,'참가자DB'!$B$4:$B$40,0)),"")} | H10: {=IFERROR(INDEX('참가자DB'!$F$4:$F$40,MATCH(B10,'참가자DB'!$B$4:$B$40,0)),"")} | I10: {=IFERROR(INDEX('참가자DB'!$G$4:$G$40,MATCH(B10,'참가자DB'!$B$4:$B$40,0)),"")} | K10: =IF($B10<>"",SUMPRODUCT(--($B$4:$B10<>"")),"")
A11: =IF(B11<>"",ROW()-3,"") | C11: {=IFERROR(INDEX('참가자DB'!$C$4:$C$40,MATCH(B11,'참가자DB'!$B$4:$B$40,0)),"")} | D11: Y | E11: {=IFERROR(INDEX('참가자DB'!$H$4:$H$40,MATCH(B11,'참가자DB'!$B$4:$B$40,0)),"")} | F11: {=IFERROR(INDEX('참가자DB'!$D$4:$D$40,MATCH(B11,'참가자DB'!$B$4:$B$40,0)),"")} | G11: {=IFERROR(INDEX('참가자DB'!$E$4:$E$40,MATCH(B11,'참가자DB'!$B$4:$B$40,0)),"")} | H11: {=IFERROR(INDEX('참가자DB'!$F$4:$F$40,MATCH(B11,'참가자DB'!$B$4:$B$40,0)),"")} | I11: {=IFERROR(INDEX('참가자DB'!$G$4:$G$40,MATCH(B11,'참가자DB'!$B$4:$B$40,0)),"")} | K11: =IF($B11<>"",SUMPRODUCT(--($B$4:$B11<>"")),"")
A12: =IF(B12<>"",ROW()-3,"") | C12: {=IFERROR(INDEX('참가자DB'!$C$4:$C$40,MATCH(B12,'참가자DB'!$B$4:$B$40,0)),"")} | D12: Y | E12: {=IFERROR(INDEX('참가자DB'!$H$4:$H$40,MATCH(B12,'참가자DB'!$B$4:$B$40,0)),"")} | F12: {=IFERROR(INDEX('참가자DB'!$D$4:$D$40,MATCH(B12,'참가자DB'!$B$4:$B$40,0)),"")} | G12: {=IFERROR(INDEX('참가자DB'!$E$4:$E$40,MATCH(B12,'참가자DB'!$B$4:$B$40,0)),"")} | H12: {=IFERROR(INDEX('참가자DB'!$F$4:$F$40,MATCH(B12,'참가자DB'!$B$4:$B$40,0)),"")} | I12: {=IFERROR(INDEX('참가자DB'!$G$4:$G$40,MATCH(B12,'참가자DB'!$B$4:$B$40,0)),"")} | K12: =IF($B12<>"",SUMPRODUCT(--($B$4:$B12<>"")),"")
A13: =IF(B13<>"",ROW()-3,"") | C13: {=IFERROR(INDEX('참가자DB'!$C$4:$C$40,MATCH(B13,'참가자DB'!$B$4:$B$40,0)),"")} | D13: Y | E13: {=IFERROR(INDEX('참가자DB'!$H$4:$H$40,MATCH(B13,'참가자DB'!$B$4:$B$40,0)),"")} | F13: {=IFERROR(INDEX('참가자DB'!$D$4:$D$40,MATCH(B13,'참가자DB'!$B$4:$B$40,0)),"")} | G13: {=IFERROR(INDEX('참가자DB'!$E$4:$E$40,MATCH(B13,'참가자DB'!$B$4:$B$40,0)),"")} | H13: {=IFERROR(INDEX('참가자DB'!$F$4:$F$40,MATCH(B13,'참가자DB'!$B$4:$B$40,0)),"")} | I13: {=IFERROR(INDEX('참가자DB'!$G$4:$G$40,MATCH(B13,'참가자DB'!$B$4:$B$40,0)),"")} | K13: =IF($B13<>"",SUMPRODUCT(--($B$4:$B13<>"")),"")
A14: =IF(B14<>"",ROW()-3,"") | C14: {=IFERROR(INDEX('참가자DB'!$C$4:$C$40,MATCH(B14,'참가자DB'!$B$4:$B$40,0)),"")} | D14: N | E14: {=IFERROR(INDEX('참가자DB'!$H$4:$H$40,MATCH(B14,'참가자DB'!$B$4:$B$40,0)),"")} | F14: {=IFERROR(INDEX('참가자DB'!$D$4:$D$40,MATCH(B14,'참가자DB'!$B$4:$B$40,0)),"")} | G14: {=IFERROR(INDEX('참가자DB'!$E$4:$E$40,MATCH(B14,'참가자DB'!$B$4:$B$40,0)),"")} | H14: {=IFERROR(INDEX('참가자DB'!$F$4:$F$40,MATCH(B14,'참가자DB'!$B$4:$B$40,0)),"")} | I14: {=IFERROR(INDEX('참가자DB'!$G$4:$G$40,MATCH(B14,'참가자DB'!$B$4:$B$40,0)),"")} | K14: =IF($B14<>"",SUMPRODUCT(--($B$4:$B14<>"")),"")
A15: =IF(B15<>"",ROW()-3,"") | C15: {=IFERROR(INDEX('참가자DB'!$C$4:$C$40,MATCH(B15,'참가자DB'!$B$4:$B$40,0)),"")} | D15: N | E15: {=IFERROR(INDEX('참가자DB'!$H$4:$H$40,MATCH(B15,'참가자DB'!$B$4:$B$40,0)),"")} | F15: {=IFERROR(INDEX('참가자DB'!$D$4:$D$40,MATCH(B15,'참가자DB'!$B$4:$B$40,0)),"")} | G15: {=IFERROR(INDEX('참가자DB'!$E$4:$E$40,MATCH(B15,'참가자DB'!$B$4:$B$40,0)),"")} | H15: {=IFERROR(INDEX('참가자DB'!$F$4:$F$40,MATCH(B15,'참가자DB'!$B$4:$B$40,0)),"")} | I15: {=IFERROR(INDEX('참가자DB'!$G$4:$G$40,MATCH(B15,'참가자DB'!$B$4:$B$40,0)),"")} | K15: =IF($B15<>"",SUMPRODUCT(--($B$4:$B15<>"")),"")
... A22: =IF(B22<>"",ROW()-3,"") | C22: {=IFERROR(INDEX('참가자DB'!$C$4:$C$40,MATCH(B22,'참가자DB'!$B$4:$B$40,0)),"")} | D22: N | E22: {=IFERROR(INDEX('참가자DB'!$H$4:$H$40,MATCH(B22,'참가자DB'!$B$4:$B$40,0)),"")} | F22: {=IFERROR(INDEX('참가자DB'!$D$4:$D$40,MATCH(B22,'참가자DB'!$B$4:$B$40,0)),"")} | G22: {=IFERROR(INDEX('참가자DB'!$E$4:$E$40,MATCH(B22,'참가자DB'!$B$4:$B$40,0)),"")} | H22: {=IFERROR(INDEX('참가자DB'!$F$4:$F$40,MATCH(B22,'참가자DB'!$B$4:$B$40,0)),"")} | I22: {=IFERROR(INDEX('참가자DB'!$G$4:$G$40,MATCH(B22,'참가자DB'!$B$4:$B$40,0)),"")} | K22: =IF($B22<>"",SUMPRODUCT(--($B$4:$B22<>"")),"")
A23: =IF(B23<>"",ROW()-3,"") | C23: {=IFERROR(INDEX('참가자DB'!$C$4:$C$40,MATCH(B23,'참가자DB'!$B$4:$B$40,0)),"")} | E23: {=IFERROR(INDEX('참가자DB'!$H$4:$H$40,MATCH(B23,'참가자DB'!$B$4:$B$40,0)),"")} | F23: {=IFERROR(INDEX('참가자DB'!$D$4:$D$40,MATCH(B23,'참가자DB'!$B$4:$B$40,0)),"")} | G23: {=IFERROR(INDEX('참가자DB'!$E$4:$E$40,MATCH(B23,'참가자DB'!$B$4:$B$40,0)),"")} | H23: {=IFERROR(INDEX('참가자DB'!$F$4:$F$40,MATCH(B23,'참가자DB'!$B$4:$B$40,0)),"")} | I23: {=IFERROR(INDEX('참가자DB'!$G$4:$G$40,MATCH(B23,'참가자DB'!$B$4:$B$40,0)),"")} | K23: =IF($B23<>"",SUMPRODUCT(--($B$4:$B23<>"")),"")
A24: =IF(B24<>"",ROW()-3,"") | C24: {=IFERROR(INDEX('참가자DB'!$C$4:$C$40,MATCH(B24,'참가자DB'!$B$4:$B$40,0)),"")} | E24: {=IFERROR(INDEX('참가자DB'!$H$4:$H$40,MATCH(B24,'참가자DB'!$B$4:$B$40,0)),"")} | F24: {=IFERROR(INDEX('참가자DB'!$D$4:$D$40,MATCH(B24,'참가자DB'!$B$4:$B$40,0)),"")} | G24: {=IFERROR(INDEX('참가자DB'!$E$4:$E$40,MATCH(B24,'참가자DB'!$B$4:$B$40,0)),"")} | H24: {=IFERROR(INDEX('참가자DB'!$F$4:$F$40,MATCH(B24,'참가자DB'!$B$4:$B$40,0)),"")} | I24: {=IFERROR(INDEX('참가자DB'!$G$4:$G$40,MATCH(B24,'참가자DB'!$B$4:$B$40,0)),"")} | K24: =IF($B24<>"",SUMPRODUCT(--($B$4:$B24<>"")),"")
A25: =IF(B25<>"",ROW()-3,"") | C25: {=IFERROR(INDEX('참가자DB'!$C$4:$C$40,MATCH(B25,'참가자DB'!$B$4:$B$40,0)),"")} | E25: {=IFERROR(INDEX('참가자DB'!$H$4:$H$40,MATCH(B25,'참가자DB'!$B$4:$B$40,0)),"")} | F25: {=IFERROR(INDEX('참가자DB'!$D$4:$D$40,MATCH(B25,'참가자DB'!$B$4:$B$40,0)),"")} | G25: {=IFERROR(INDEX('참가자DB'!$E$4:$E$40,MATCH(B25,'참가자DB'!$B$4:$B$40,0)),"")} | H25: {=IFERROR(INDEX('참가자DB'!$F$4:$F$40,MATCH(B25,'참가자DB'!$B$4:$B$40,0)),"")} | I25: {=IFERROR(INDEX('참가자DB'!$G$4:$G$40,MATCH(B25,'참가자DB'!$B$4:$B$40,0)),"")} | K25: =IF($B25<>"",SUMPRODUCT(--($B$4:$B25<>"")),"")
A26: =IF(B26<>"",ROW()-3,"") | C26: {=IFERROR(INDEX('참가자DB'!$C$4:$C$40,MATCH(B26,'참가자DB'!$B$4:$B$40,0)),"")} | E26: {=IFERROR(INDEX('참가자DB'!$H$4:$H$40,MATCH(B26,'참가자DB'!$B$4:$B$40,0)),"")} | F26: {=IFERROR(INDEX('참가자DB'!$D$4:$D$40,MATCH(B26,'참가자DB'!$B$4:$B$40,0)),"")} | G26: {=IFERROR(INDEX('참가자DB'!$E$4:$E$40,MATCH(B26,'참가자DB'!$B$4:$B$40,0)),"")} | H26: {=IFERROR(INDEX('참가자DB'!$F$4:$F$40,MATCH(B26,'참가자DB'!$B$4:$B$40,0)),"")} | I26: {=IFERROR(INDEX('참가자DB'!$G$4:$G$40,MATCH(B26,'참가자DB'!$B$4:$B$40,0)),"")} | K26: =IF($B26<>"",SUMPRODUCT(--($B$4:$B26<>"")),"")
A27: =IF(B27<>"",ROW()-3,"") | C27: {=IFERROR(INDEX('참가자DB'!$C$4:$C$40,MATCH(B27,'참가자DB'!$B$4:$B$40,0)),"")} | E27: {=IFERROR(INDEX('참가자DB'!$H$4:$H$40,MATCH(B27,'참가자DB'!$B$4:$B$40,0)),"")} | F27: {=IFERROR(INDEX('참가자DB'!$D$4:$D$40,MATCH(B27,'참가자DB'!$B$4:$B$40,0)),"")} | G27: {=IFERROR(INDEX('참가자DB'!$E$4:$E$40,MATCH(B27,'참가자DB'!$B$4:$B$40,0)),"")} | H27: {=IFERROR(INDEX('참가자DB'!$F$4:$F$40,MATCH(B27,'참가자DB'!$B$4:$B$40,0)),"")} | I27: {=IFERROR(INDEX('참가자DB'!$G$4:$G$40,MATCH(B27,'참가자DB'!$B$4:$B$40,0)),"")} | K27: =IF($B27<>"",SUMPRODUCT(--($B$4:$B27<>"")),"")
A28: =IF(B28<>"",ROW()-3,"") | C28: {=IFERROR(INDEX('참가자DB'!$C$4:$C$40,MATCH(B28,'참가자DB'!$B$4:$B$40,0)),"")} | E28: {=IFERROR(INDEX('참가자DB'!$H$4:$H$40,MATCH(B28,'참가자DB'!$B$4:$B$40,0)),"")} | F28: {=IFERROR(INDEX('참가자DB'!$D$4:$D$40,MATCH(B28,'참가자DB'!$B$4:$B$40,0)),"")} | G28: {=IFERROR(INDEX('참가자DB'!$E$4:$E$40,MATCH(B28,'참가자DB'!$B$4:$B$40,0)),"")} | H28: {=IFERROR(INDEX('참가자DB'!$F$4:$F$40,MATCH(B28,'참가자DB'!$B$4:$B$40,0)),"")} | I28: {=IFERROR(INDEX('참가자DB'!$G$4:$G$40,MATCH(B28,'참가자DB'!$B$4:$B$40,0)),"")} | K28: =IF($B28<>"",SUMPRODUCT(--($B$4:$B28<>"")),"")
A29: =IF(B29<>"",ROW()-3,"") | C29: {=IFERROR(INDEX('참가자DB'!$C$4:$C$40,MATCH(B29,'참가자DB'!$B$4:$B$40,0)),"")} | E29: {=IFERROR(INDEX('참가자DB'!$H$4:$H$40,MATCH(B29,'참가자DB'!$B$4:$B$40,0)),"")} | F29: {=IFERROR(INDEX('참가자DB'!$D$4:$D$40,MATCH(B29,'참가자DB'!$B$4:$B$40,0)),"")} | G29: {=IFERROR(INDEX('참가자DB'!$E$4:$E$40,MATCH(B29,'참가자DB'!$B$4:$B$40,0)),"")} | H29: {=IFERROR(INDEX('참가자DB'!$F$4:$F$40,MATCH(B29,'참가자DB'!$B$4:$B$40,0)),"")} | I29: {=IFERROR(INDEX('참가자DB'!$G$4:$G$40,MATCH(B29,'참가자DB'!$B$4:$B$40,0)),"")} | K29: =IF($B29<>"",SUMPRODUCT(--($B$4:$B29<>"")),"")
A30: =IF(B30<>"",ROW()-3,"") | C30: {=IFERROR(INDEX('참가자DB'!$C$4:$C$40,MATCH(B30,'참가자DB'!$B$4:$B$40,0)),"")} | E30: {=IFERROR(INDEX('참가자DB'!$H$4:$H$40,MATCH(B30,'참가자DB'!$B$4:$B$40,0)),"")} | F30: {=IFERROR(INDEX('참가자DB'!$D$4:$D$40,MATCH(B30,'참가자DB'!$B$4:$B$40,0)),"")} | G30: {=IFERROR(INDEX('참가자DB'!$E$4:$E$40,MATCH(B30,'참가자DB'!$B$4:$B$40,0)),"")} | H30: {=IFERROR(INDEX('참가자DB'!$F$4:$F$40,MATCH(B30,'참가자DB'!$B$4:$B$40,0)),"")} | I30: {=IFERROR(INDEX('참가자DB'!$G$4:$G$40,MATCH(B30,'참가자DB'!$B$4:$B$40,0)),"")} | K30: =IF($B30<>"",SUMPRODUCT(--($B$4:$B30<>"")),"")
A31: =IF(B31<>"",ROW()-3,"") | C31: {=IFERROR(INDEX('참가자DB'!$C$4:$C$40,MATCH(B31,'참가자DB'!$B$4:$B$40,0)),"")} | E31: {=IFERROR(INDEX('참가자DB'!$H$4:$H$40,MATCH(B31,'참가자DB'!$B$4:$B$40,0)),"")} | F31: {=IFERROR(INDEX('참가자DB'!$D$4:$D$40,MATCH(B31,'참가자DB'!$B$4:$B$40,0)),"")} | G31: {=IFERROR(INDEX('참가자DB'!$E$4:$E$40,MATCH(B31,'참가자DB'!$B$4:$B$40,0)),"")} | H31: {=IFERROR(INDEX('참가자DB'!$F$4:$F$40,MATCH(B31,'참가자DB'!$B$4:$B$40,0)),"")} | I31: {=IFERROR(INDEX('참가자DB'!$G$4:$G$40,MATCH(B31,'참가자DB'!$B$4:$B$40,0)),"")} | K31: =IF($B31<>"",SUMPRODUCT(--($B$4:$B31<>"")),"")
A32: =IF(B32<>"",ROW()-3,"") | C32: {=IFERROR(INDEX('참가자DB'!$C$4:$C$40,MATCH(B32,'참가자DB'!$B$4:$B$40,0)),"")} | E32: {=IFERROR(INDEX('참가자DB'!$H$4:$H$40,MATCH(B32,'참가자DB'!$B$4:$B$40,0)),"")} | F32: {=IFERROR(INDEX('참가자DB'!$D$4:$D$40,MATCH(B32,'참가자DB'!$B$4:$B$40,0)),"")} | G32: {=IFERROR(INDEX('참가자DB'!$E$4:$E$40,MATCH(B32,'참가자DB'!$B$4:$B$40,0)),"")} | H32: {=IFERROR(INDEX('참가자DB'!$F$4:$F$40,MATCH(B32,'참가자DB'!$B$4:$B$40,0)),"")} | I32: {=IFERROR(INDEX('참가자DB'!$G$4:$G$40,MATCH(B32,'참가자DB'!$B$4:$B$40,0)),"")} | K32: =IF($B32<>"",SUMPRODUCT(--($B$4:$B32<>"")),"")
A33: =IF(B33<>"",ROW()-3,"") | C33: {=IFERROR(INDEX('참가자DB'!$C$4:$C$40,MATCH(B33,'참가자DB'!$B$4:$B$40,0)),"")} | E33: {=IFERROR(INDEX('참가자DB'!$H$4:$H$40,MATCH(B33,'참가자DB'!$B$4:$B$40,0)),"")} | F33: {=IFERROR(INDEX('참가자DB'!$D$4:$D$40,MATCH(B33,'참가자DB'!$B$4:$B$40,0)),"")} | G33: {=IFERROR(INDEX('참가자DB'!$E$4:$E$40,MATCH(B33,'참가자DB'!$B$4:$B$40,0)),"")} | H33: {=IFERROR(INDEX('참가자DB'!$F$4:$F$40,MATCH(B33,'참가자DB'!$B$4:$B$40,0)),"")} | I33: {=IFERROR(INDEX('참가자DB'!$G$4:$G$40,MATCH(B33,'참가자DB'!$B$4:$B$40,0)),"")} | K33: =IF($B33<>"",SUMPRODUCT(--($B$4:$B33<>"")),"")
A34: =IF(B34<>"",ROW()-3,"") | C34: {=IFERROR(INDEX('참가자DB'!$C$4:$C$40,MATCH(B34,'참가자DB'!$B$4:$B$40,0)),"")} | E34: {=IFERROR(INDEX('참가자DB'!$H$4:$H$40,MATCH(B34,'참가자DB'!$B$4:$B$40,0)),"")} | F34: {=IFERROR(INDEX('참가자DB'!$D$4:$D$40,MATCH(B34,'참가자DB'!$B$4:$B$40,0)),"")} | G34: {=IFERROR(INDEX('참가자DB'!$E$4:$E$40,MATCH(B34,'참가자DB'!$B$4:$B$40,0)),"")} | H34: {=IFERROR(INDEX('참가자DB'!$F$4:$F$40,MATCH(B34,'참가자DB'!$B$4:$B$40,0)),"")} | I34: {=IFERROR(INDEX('참가자DB'!$G$4:$G$40,MATCH(B34,'참가자DB'!$B$4:$B$40,0)),"")} | K34: =IF($B34<>"",SUMPRODUCT(--($B$4:$B34<>"")),"")
... A40: =IF(B40<>"",ROW()-3,"") | C40: {=IFERROR(INDEX('참가자DB'!$C$4:$C$40,MATCH(B40,'참가자DB'!$B$4:$B$40,0)),"")} | E40: {=IFERROR(INDEX('참가자DB'!$H$4:$H$40,MATCH(B40,'참가자DB'!$B$4:$B$40,0)),"")} | F40: {=IFERROR(INDEX('참가자DB'!$D$4:$D$40,MATCH(B40,'참가자DB'!$B$4:$B$40,0)),"")} | G40: {=IFERROR(INDEX('참가자DB'!$E$4:$E$40,MATCH(B40,'참가자DB'!$B$4:$B$40,0)),"")} | H40: {=IFERROR(INDEX('참가자DB'!$F$4:$F$40,MATCH(B40,'참가자DB'!$B$4:$B$40,0)),"")} | I40: {=IFERROR(INDEX('참가자DB'!$G$4:$G$40,MATCH(B40,'참가자DB'!$B$4:$B$40,0)),"")} | K40: =IF($B40<>"",SUMPRODUCT(--($B$4:$B40<>"")),"")

Sheet 결과화면
B1: 매치 이름 (수정 가능) | D1: 내전
A2: ="🏆 " & D1 & " 결과" -> 🏆 내전 결과
A4: 🔵 팀 BLUE | D4: VS | E4: 🔴 팀 RED
A5: TOTAL | E5: TOTAL
A6: ='팀배정'!C12 -> 0 | E6: ='팀배정'!G12 -> 0
B14: 블루팀 | C14: 점수 | D14: 포지션 | E14: 점수 | F14: 레드팀
B15: ='팀배정'!B6 | C15: ='팀배정'!C6 | D15: TOP | E15: ='팀배정'!G6 | F15: ='팀배정'!F6
B16: ='팀배정'!B7 | C16: ='팀배정'!C7 | D16: JG | E16: ='팀배정'!G7 | F16: ='팀배정'!F7
B17: ='팀배정'!B8 | C17: ='팀배정'!C8 | D17: MID | E17: ='팀배정'!G8 | F17: ='팀배정'!F8
B18: ='팀배정'!B9 | C18: ='팀배정'!C9 | D18: ADC | E18: ='팀배정'!G9 | F18: ='팀배정'!F9
B19: ='팀배정'!B10 | C19: ='팀배정'!C10 | D19: SUP | E19: ='팀배정'!G10 | F19: ='팀배정'!F10
A21: ="마지막 배정 시각 : " & TEXT('팀배정'!B2,"yyyy-mm-dd hh:mm") -> 마지막 배정 시각 : 1899-12-30 00:00
A22: ="점수 차이 : " & '팀배정'!C14 & "점 (" & TEXT(ABS(D24-E24),"0%") & "p 격차)" -> #DIV/0!
D23: 블루 | E23: 레드
C24: 밸런스 | D24: ='팀배정'!C12/('팀배정'!C12+'팀배정'!G12) -> #DIV/0! | E24: ='팀배정'!G12/('팀배정'!C12+'팀배정'!G12) -> #DIV/0!
